Näitaja,Lapse vanus leibkonnas,Väärtus,Leibkonna tüüp,Aasta
"Leibkonnaliikmete arv, tuhat",Laps 0-17,1361.7,Kõik leibkonnad,2000
"Leibkonnaliikmete arv, tuhat",Laps 0-24,,Kõik leibkonnad,2000
"Leibkonnaliikmete arv, tuhat",Laps 0-17,1356.4,Kõik leibkonnad,2001
"Leibkonnaliikmete arv, tuhat",Laps 0-24,,Kõik leibkonnad,2001
"Leibkonnaliikmete arv, tuhat",Laps 0-17,1350.5,Kõik leibkonnad,2002
"Leibkonnaliikmete arv, tuhat",Laps 0-24,,Kõik leibkonnad,2002
"Leibkonnaliikmete arv, tuhat",Laps 0-17,1345.3,Kõik leibkonnad,2003
"Leibkonnaliikmete arv, tuhat",Laps 0-24,,Kõik leibkonnad,2003
"Leibkonnaliikmete arv, tuhat",Laps 0-17,1340.5,Kõik leibkonnad,2004
"Leibkonnaliikmete arv, tuhat",Laps 0-24,,Kõik leibkonnad,2004
"Leibkonnaliikmete arv, tuhat",Laps 0-17,1336.5,Kõik leibkonnad,2005
"Leibkonnaliikmete arv, tuhat",Laps 0-24,,Kõik leibkonnad,2005
"Leibkonnaliikmete arv, tuhat",Laps 0-17,1333.2,Kõik leibkonnad,2006
"Leibkonnaliikmete arv, tuhat",Laps 0-24,,Kõik leibkonnad,2006
"Leibkonnaliikmete arv, tuhat",Laps 0-17,1330.9,Kõik leibkonnad,2007
"Leibkonnaliikmete arv, tuhat",Laps 0-24,,Kõik leibkonnad,2007
"Leibkonnaliikmete arv, tuhat",Laps 0-17,1329.8,Kõik leibkonnad,2008
"Leibkonnaliikmete arv, tuhat",Laps 0-24,,Kõik leibkonnad,2008
"Leibkonnaliikmete arv, tuhat",Laps 0-17,1329.1,Kõik leibkonnad,2009
"Leibkonnaliikmete arv, tuhat",Laps 0-24,,Kõik leibkonnad,2009
"Leibkonnaliikmete arv, tuhat",Laps 0-17,1328.8,Kõik leibkonnad,2010
"Leibkonnaliikmete arv, tuhat",Laps 0-24,,Kõik leibkonnad,2010
"Leibkonnaliikmete arv, tuhat",Laps 0-17,1328.3,Kõik leibkonnad,2011
"Leibkonnaliikmete arv, tuhat",Laps 0-24,,Kõik leibkonnad,2011
"Leibkonnaliikmete arv, tuhat",Laps 0-17,1327.8,Kõik leibkonnad,2012
"Leibkonnaliikmete arv, tuhat",Laps 0-24,,Kõik leibkonnad,2012
"Leibkonnaliikmete arv, tuhat",Laps 0-17,1327.3,Kõik leibkonnad,2013
"Leibkonnaliikmete arv, tuhat",Laps 0-24,,Kõik leibkonnad,2013
"Leibkonnaliikmete arv, tuhat",Laps 0-17,1300.3,Kõik leibkonnad,2014
"Leibkonnaliikmete arv, tuhat",Laps 0-24,,Kõik leibkonnad,2014
"Leibkonnaliikmete arv, tuhat",Laps 0-17,1303.3,Kõik leibkonnad,2015
"Leibkonnaliikmete arv, tuhat",Laps 0-24,,Kõik leibkonnad,2015
"Leibkonnaliikmete arv, tuhat",Laps 0-17,1302.8,Kõik leibkonnad,2016
"Leibkonnaliikmete arv, tuhat",Laps 0-24,,Kõik leibkonnad,2016
"Leibkonnaliikmete arv, tuhat",Laps 0-17,1301.9,Kõik leibkonnad,2017
"Leibkonnaliikmete arv, tuhat",Laps 0-24,,Kõik leibkonnad,2017
"Leibkonnaliikmete arv, tuhat",Laps 0-17,1304.3,Kõik leibkonnad,2018
"Leibkonnaliikmete arv, tuhat",Laps 0-24,,Kõik leibkonnad,2018
"Leibkonnaliikmete arv, tuhat",Laps 0-17,1310.8,Kõik leibkonnad,2019
"Leibkonnaliikmete arv, tuhat",Laps 0-24,,Kõik leibkonnad,2019
"Leibkonnaliikmete arv, tuhat",Laps 0-17,1315.9,Kõik leibkonnad,2020
"Leibkonnaliikmete arv, tuhat",Laps 0-24,,Kõik leibkonnad,2020
"Leibkonnaliikmete arv, tuhat",Laps 0-17,1316.3,Kõik leibkonnad,2021
"Leibkonnaliikmete arv, tuhat",Laps 0-24,,Kõik leibkonnad,2021
"Leibkonnaliikmete arv, tuhat",Laps 0-17,1318.7,Kõik leibkonnad,2022
"Leibkonnaliikmete arv, tuhat",Laps 0-24,,Kõik leibkonnad,2022
"Leibkonnaliikmete arv, tuhat",Laps 0-17,1351.7,Kõik leibkonnad,2023
"Leibkonnaliikmete arv, tuhat",Laps 0-24,1351.7,Kõik leibkonnad,2023
"Leibkonnaliikmete arv, tuhat",Laps 0-17,1359.5,Kõik leibkonnad,2024
"Leibkonnaliikmete arv, tuhat",Laps 0-24,1359.5,Kõik leibkonnad,2024
"Leibkonnaliikmete arv, tuhat",Laps 0-17,627.7,Lasteta leibkond,2000
"Leibkonnaliikmete arv, tuhat",Laps 0-24,,Lasteta leibkond,2000
"Leibkonnaliikmete arv, tuhat",Laps 0-17,623.2,Lasteta leibkond,2001
"Leibkonnaliikmete arv, tuhat",Laps 0-24,,Lasteta leibkond,2001
"Leibkonnaliikmete arv, tuhat",Laps 0-17,639.6,Lasteta leibkond,2002
"Leibkonnaliikmete arv, tuhat",Laps 0-24,,Lasteta leibkond,2002
"Leibkonnaliikmete arv, tuhat",Laps 0-17,656.2,Lasteta leibkond,2003
"Leibkonnaliikmete arv, tuhat",Laps 0-24,,Lasteta leibkond,2003
"Leibkonnaliikmete arv, tuhat",Laps 0-17,659.6,Lasteta leibkond,2004
"Leibkonnaliikmete arv, tuhat",Laps 0-24,,Lasteta leibkond,2004
"Leibkonnaliikmete arv, tuhat",Laps 0-17,661.2,Lasteta leibkond,2005
"Leibkonnaliikmete arv, tuhat",Laps 0-24,,Lasteta leibkond,2005
"Leibkonnaliikmete arv, tuhat",Laps 0-17,680.4,Lasteta leibkond,2006
"Leibkonnaliikmete arv, tuhat",Laps 0-24,,Lasteta leibkond,2006
"Leibkonnaliikmete arv, tuhat",Laps 0-17,697.8,Lasteta leibkond,2007
"Leibkonnaliikmete arv, tuhat",Laps 0-24,,Lasteta leibkond,2007
"Leibkonnaliikmete arv, tuhat",Laps 0-17,727.4,Lasteta leibkond,2008
"Leibkonnaliikmete arv, tuhat",Laps 0-24,,Lasteta leibkond,2008
"Leibkonnaliikmete arv, tuhat",Laps 0-17,741.2,Lasteta leibkond,2009
"Leibkonnaliikmete arv, tuhat",Laps 0-24,,Lasteta leibkond,2009
"Leibkonnaliikmete arv, tuhat",Laps 0-17,746.5,Lasteta leibkond,2010
"Leibkonnaliikmete arv, tuhat",Laps 0-24,,Lasteta leibkond,2010
"Leibkonnaliikmete arv, tuhat",Laps 0-17,744.4,Lasteta leibkond,2011
"Leibkonnaliikmete arv, tuhat",Laps 0-24,,Lasteta leibkond,2011
"Leibkonnaliikmete arv, tuhat",Laps 0-17,741.7,Lasteta leibkond,2012
"Leibkonnaliikmete arv, tuhat",Laps 0-24,,Lasteta leibkond,2012
"Leibkonnaliikmete arv, tuhat",Laps 0-17,736.0,Lasteta leibkond,2013
"Leibkonnaliikmete arv, tuhat",Laps 0-24,,Lasteta leibkond,2013
"Leibkonnaliikmete arv, tuhat",Laps 0-17,718.4,Lasteta leibkond,2014
"Leibkonnaliikmete arv, tuhat",Laps 0-24,,Lasteta leibkond,2014
"Leibkonnaliikmete arv, tuhat",Laps 0-17,718.4,Lasteta leibkond,2015
"Leibkonnaliikmete arv, tuhat",Laps 0-24,,Lasteta leibkond,2015
"Leibkonnaliikmete arv, tuhat",Laps 0-17,722.6,Lasteta leibkond,2016
"Leibkonnaliikmete arv, tuhat",Laps 0-24,,Lasteta leibkond,2016
"Leibkonnaliikmete arv, tuhat",Laps 0-17,723.2,Lasteta leibkond,2017
"Leibkonnaliikmete arv, tuhat",Laps 0-24,,Lasteta leibkond,2017
"Leibkonnaliikmete arv, tuhat",Laps 0-17,716.6,Lasteta leibkond,2018
"Leibkonnaliikmete arv, tuhat",Laps 0-24,,Lasteta leibkond,2018
"Leibkonnaliikmete arv, tuhat",Laps 0-17,726.4,Lasteta leibkond,2019
"Leibkonnaliikmete arv, tuhat",Laps 0-24,,Lasteta leibkond,2019
"Leibkonnaliikmete arv, tuhat",Laps 0-17,731.5,Lasteta leibkond,2020
"Leibkonnaliikmete arv, tuhat",Laps 0-24,,Lasteta leibkond,2020
"Leibkonnaliikmete arv, tuhat",Laps 0-17,728.7,Lasteta leibkond,2021
"Leibkonnaliikmete arv, tuhat",Laps 0-24,,Lasteta leibkond,2021
"Leibkonnaliikmete arv, tuhat",Laps 0-17,728.6,Lasteta leibkond,2022
"Leibkonnaliikmete arv, tuhat",Laps 0-24,,Lasteta leibkond,2022
"Leibkonnaliikmete arv, tuhat",Laps 0-17,735.7,Lasteta leibkond,2023
"Leibkonnaliikmete arv, tuhat",Laps 0-24,683.8,Lasteta leibkond,2023
"Leibkonnaliikmete arv, tuhat",Laps 0-17,751.2,Lasteta leibkond,2024
"Leibkonnaliikmete arv, tuhat",Laps 0-24,681.2,Lasteta leibkond,2024
"Leibkonnaliikmete arv, tuhat",Laps 0-17,106.6,Üksik alla 65-aastane,2000
"Leibkonnaliikmete arv, tuhat",Laps 0-24,,Üksik alla 65-aastane,2000
"Leibkonnaliikmete arv, tuhat",Laps 0-17,101.0,Üksik alla 65-aastane,2001
"Leibkonnaliikmete arv, tuhat",Laps 0-24,,Üksik alla 65-aastane,2001
"Leibkonnaliikmete arv, tuhat",Laps 0-17,103.0,Üksik alla 65-aastane,2002
"Leibkonnaliikmete arv, tuhat",Laps 0-24,,Üksik alla 65-aastane,2002
"Leibkonnaliikmete arv, tuhat",Laps 0-17,95.0,Üksik alla 65-aastane,2003
"Leibkonnaliikmete arv, tuhat",Laps 0-24,,Üksik alla 65-aastane,2003
"Leibkonnaliikmete arv, tuhat",Laps 0-17,95.7,Üksik alla 65-aastane,2004
"Leibkonnaliikmete arv, tuhat",Laps 0-24,,Üksik alla 65-aastane,2004
"Leibkonnaliikmete arv, tuhat",Laps 0-17,99.8,Üksik alla 65-aastane,2005
"Leibkonnaliikmete arv, tuhat",Laps 0-24,,Üksik alla 65-aastane,2005
"Leibkonnaliikmete arv, tuhat",Laps 0-17,97.5,Üksik alla 65-aastane,2006
"Leibkonnaliikmete arv, tuhat",Laps 0-24,,Üksik alla 65-aastane,2006
"Leibkonnaliikmete arv, tuhat",Laps 0-17,104.2,Üksik alla 65-aastane,2007
"Leibkonnaliikmete arv, tuhat",Laps 0-24,,Üksik alla 65-aastane,2007
"Leibkonnaliikmete arv, tuhat",Laps 0-17,113.1,Üksik alla 65-aastane,2008
"Leibkonnaliikmete arv, tuhat",Laps 0-24,,Üksik alla 65-aastane,2008
"Leibkonnaliikmete arv, tuhat",Laps 0-17,110.5,Üksik alla 65-aastane,2009
"Leibkonnaliikmete arv, tuhat",Laps 0-24,,Üksik alla 65-aastane,2009
"Leibkonnaliikmete arv, tuhat",Laps 0-17,112.7,Üksik alla 65-aastane,2010
"Leibkonnaliikmete arv, tuhat",Laps 0-24,,Üksik alla 65-aastane,2010
"Leibkonnaliikmete arv, tuhat",Laps 0-17,114.6,Üksik alla 65-aastane,2011
"Leibkonnaliikmete arv, tuhat",Laps 0-24,,Üksik alla 65-aastane,2011
"Leibkonnaliikmete arv, tuhat",Laps 0-17,123.0,Üksik alla 65-aastane,2012
"Leibkonnaliikmete arv, tuhat",Laps 0-24,,Üksik alla 65-aastane,2012
"Leibkonnaliikmete arv, tuhat",Laps 0-17,121.3,Üksik alla 65-aastane,2013
"Leibkonnaliikmete arv, tuhat",Laps 0-24,,Üksik alla 65-aastane,2013
"Leibkonnaliikmete arv, tuhat",Laps 0-17,115.3,Üksik alla 65-aastane,2014
"Leibkonnaliikmete arv, tuhat",Laps 0-24,,Üksik alla 65-aastane,2014
"Leibkonnaliikmete arv, tuhat",Laps 0-17,117.8,Üksik alla 65-aastane,2015
"Leibkonnaliikmete arv, tuhat",Laps 0-24,,Üksik alla 65-aastane,2015
"Leibkonnaliikmete arv, tuhat",Laps 0-17,121.2,Üksik alla 65-aastane,2016
"Leibkonnaliikmete arv, tuhat",Laps 0-24,,Üksik alla 65-aastane,2016
"Leibkonnaliikmete arv, tuhat",Laps 0-17,129.3,Üksik alla 65-aastane,2017
"Leibkonnaliikmete arv, tuhat",Laps 0-24,,Üksik alla 65-aastane,2017
"Leibkonnaliikmete arv, tuhat",Laps 0-17,133.9,Üksik alla 65-aastane,2018
"Leibkonnaliikmete arv, tuhat",Laps 0-24,,Üksik alla 65-aastane,2018
"Leibkonnaliikmete arv, tuhat",Laps 0-17,146.4,Üksik alla 65-aastane,2019
"Leibkonnaliikmete arv, tuhat",Laps 0-24,,Üksik alla 65-aastane,2019
"Leibkonnaliikmete arv, tuhat",Laps 0-17,154.6,Üksik alla 65-aastane,2020
"Leibkonnaliikmete arv, tuhat",Laps 0-24,,Üksik alla 65-aastane,2020
"Leibkonnaliikmete arv, tuhat",Laps 0-17,156.7,Üksik alla 65-aastane,2021
"Leibkonnaliikmete arv, tuhat",Laps 0-24,,Üksik alla 65-aastane,2021
"Leibkonnaliikmete arv, tuhat",Laps 0-17,160.2,Üksik alla 65-aastane,2022
"Leibkonnaliikmete arv, tuhat",Laps 0-24,,Üksik alla 65-aastane,2022
"Leibkonnaliikmete arv, tuhat",Laps 0-17,161.3,Üksik alla 65-aastane,2023
"Leibkonnaliikmete arv, tuhat",Laps 0-24,161.3,Üksik alla 65-aastane,2023
"Leibkonnaliikmete arv, tuhat",Laps 0-17,167.7,Üksik alla 65-aastane,2024
"Leibkonnaliikmete arv, tuhat",Laps 0-24,167.7,Üksik alla 65-aastane,2024
"Leibkonnaliikmete arv, tuhat",Laps 0-17,73.0,Üksik 65-aastane või vanem,2000
"Leibkonnaliikmete arv, tuhat",Laps 0-24,,Üksik 65-aastane või vanem,2000
"Leibkonnaliikmete arv, tuhat",Laps 0-17,74.4,Üksik 65-aastane või vanem,2001
"Leibkonnaliikmete arv, tuhat",Laps 0-24,,Üksik 65-aastane või vanem,2001
"Leibkonnaliikmete arv, tuhat",Laps 0-17,72.8,Üksik 65-aastane või vanem,2002
"Leibkonnaliikmete arv, tuhat",Laps 0-24,,Üksik 65-aastane või vanem,2002
"Leibkonnaliikmete arv, tuhat",Laps 0-17,77.9,Üksik 65-aastane või vanem,2003
"Leibkonnaliikmete arv, tuhat",Laps 0-24,,Üksik 65-aastane või vanem,2003
"Leibkonnaliikmete arv, tuhat",Laps 0-17,83.0,Üksik 65-aastane või vanem,2004
"Leibkonnaliikmete arv, tuhat",Laps 0-24,,Üksik 65-aastane või vanem,2004
"Leibkonnaliikmete arv, tuhat",Laps 0-17,80.5,Üksik 65-aastane või vanem,2005
"Leibkonnaliikmete arv, tuhat",Laps 0-24,,Üksik 65-aastane või vanem,2005
"Leibkonnaliikmete arv, tuhat",Laps 0-17,82.8,Üksik 65-aastane või vanem,2006
"Leibkonnaliikmete arv, tuhat",Laps 0-24,,Üksik 65-aastane või vanem,2006
"Leibkonnaliikmete arv, tuhat",Laps 0-17,91.1,Üksik 65-aastane või vanem,2007
"Leibkonnaliikmete arv, tuhat",Laps 0-24,,Üksik 65-aastane või vanem,2007
"Leibkonnaliikmete arv, tuhat",Laps 0-17,87.7,Üksik 65-aastane või vanem,2008
"Leibkonnaliikmete arv, tuhat",Laps 0-24,,Üksik 65-aastane või vanem,2008
"Leibkonnaliikmete arv, tuhat",Laps 0-17,89.0,Üksik 65-aastane või vanem,2009
"Leibkonnaliikmete arv, tuhat",Laps 0-24,,Üksik 65-aastane või vanem,2009
"Leibkonnaliikmete arv, tuhat",Laps 0-17,88.8,Üksik 65-aastane või vanem,2010
"Leibkonnaliikmete arv, tuhat",Laps 0-24,,Üksik 65-aastane või vanem,2010
"Leibkonnaliikmete arv, tuhat",Laps 0-17,89.4,Üksik 65-aastane või vanem,2011
"Leibkonnaliikmete arv, tuhat",Laps 0-24,,Üksik 65-aastane või vanem,2011
"Leibkonnaliikmete arv, tuhat",Laps 0-17,91.9,Üksik 65-aastane või vanem,2012
"Leibkonnaliikmete arv, tuhat",Laps 0-24,,Üksik 65-aastane või vanem,2012
"Leibkonnaliikmete arv, tuhat",Laps 0-17,90.1,Üksik 65-aastane või vanem,2013
"Leibkonnaliikmete arv, tuhat",Laps 0-24,,Üksik 65-aastane või vanem,2013
"Leibkonnaliikmete arv, tuhat",Laps 0-17,95.6,Üksik 65-aastane või vanem,2014
"Leibkonnaliikmete arv, tuhat",Laps 0-24,,Üksik 65-aastane või vanem,2014
"Leibkonnaliikmete arv, tuhat",Laps 0-17,91.9,Üksik 65-aastane või vanem,2015
"Leibkonnaliikmete arv, tuhat",Laps 0-24,,Üksik 65-aastane või vanem,2015
"Leibkonnaliikmete arv, tuhat",Laps 0-17,102.1,Üksik 65-aastane või vanem,2016
"Leibkonnaliikmete arv, tuhat",Laps 0-24,,Üksik 65-aastane või vanem,2016
"Leibkonnaliikmete arv, tuhat",Laps 0-17,107.7,Üksik 65-aastane või vanem,2017
"Leibkonnaliikmete arv, tuhat",Laps 0-24,,Üksik 65-aastane või vanem,2017
"Leibkonnaliikmete arv, tuhat",Laps 0-17,108.4,Üksik 65-aastane või vanem,2018
"Leibkonnaliikmete arv, tuhat",Laps 0-24,,Üksik 65-aastane või vanem,2018
"Leibkonnaliikmete arv, tuhat",Laps 0-17,111.3,Üksik 65-aastane või vanem,2019
"Leibkonnaliikmete arv, tuhat",Laps 0-24,,Üksik 65-aastane või vanem,2019
"Leibkonnaliikmete arv, tuhat",Laps 0-17,111.4,Üksik 65-aastane või vanem,2020
"Leibkonnaliikmete arv, tuhat",Laps 0-24,,Üksik 65-aastane või vanem,2020
"Leibkonnaliikmete arv, tuhat",Laps 0-17,113.4,Üksik 65-aastane või vanem,2021
"Leibkonnaliikmete arv, tuhat",Laps 0-24,,Üksik 65-aastane või vanem,2021
"Leibkonnaliikmete arv, tuhat",Laps 0-17,119.3,Üksik 65-aastane või vanem,2022
"Leibkonnaliikmete arv, tuhat",Laps 0-24,,Üksik 65-aastane või vanem,2022
"Leibkonnaliikmete arv, tuhat",Laps 0-17,122.2,Üksik 65-aastane või vanem,2023
"Leibkonnaliikmete arv, tuhat",Laps 0-24,122.2,Üksik 65-aastane või vanem,2023
"Leibkonnaliikmete arv, tuhat",Laps 0-17,126.9,Üksik 65-aastane või vanem,2024
"Leibkonnaliikmete arv, tuhat",Laps 0-24,126.9,Üksik 65-aastane või vanem,2024
"Leibkonnaliikmete arv, tuhat",Laps 0-17,164.5,"Lasteta paar, vähemalt üks alla 65-aastane",2000
"Leibkonnaliikmete arv, tuhat",Laps 0-24,,"Lasteta paar, vähemalt üks alla 65-aastane",2000
"Leibkonnaliikmete arv, tuhat",Laps 0-17,155.0,"Lasteta paar, vähemalt üks alla 65-aastane",2001
"Leibkonnaliikmete arv, tuhat",Laps 0-24,,"Lasteta paar, vähemalt üks alla 65-aastane",2001
"Leibkonnaliikmete arv, tuhat",Laps 0-17,156.2,"Lasteta paar, vähemalt üks alla 65-aastane",2002
"Leibkonnaliikmete arv, tuhat",Laps 0-24,,"Lasteta paar, vähemalt üks alla 65-aastane",2002
"Leibkonnaliikmete arv, tuhat",Laps 0-17,149.3,"Lasteta paar, vähemalt üks alla 65-aastane",2003
"Leibkonnaliikmete arv, tuhat",Laps 0-24,,"Lasteta paar, vähemalt üks alla 65-aastane",2003
"Leibkonnaliikmete arv, tuhat",Laps 0-17,159.8,"Lasteta paar, vähemalt üks alla 65-aastane",2004
"Leibkonnaliikmete arv, tuhat",Laps 0-24,,"Lasteta paar, vähemalt üks alla 65-aastane",2004
"Leibkonnaliikmete arv, tuhat",Laps 0-17,165.6,"Lasteta paar, vähemalt üks alla 65-aastane",2005
"Leibkonnaliikmete arv, tuhat",Laps 0-24,,"Lasteta paar, vähemalt üks alla 65-aastane",2005
"Leibkonnaliikmete arv, tuhat",Laps 0-17,180.2,"Lasteta paar, vähemalt üks alla 65-aastane",2006
"Leibkonnaliikmete arv, tuhat",Laps 0-24,,"Lasteta paar, vähemalt üks alla 65-aastane",2006
"Leibkonnaliikmete arv, tuhat",Laps 0-17,166.2,"Lasteta paar, vähemalt üks alla 65-aastane",2007
"Leibkonnaliikmete arv, tuhat",Laps 0-24,,"Lasteta paar, vähemalt üks alla 65-aastane",2007
"Leibkonnaliikmete arv, tuhat",Laps 0-17,162.2,"Lasteta paar, vähemalt üks alla 65-aastane",2008
"Leibkonnaliikmete arv, tuhat",Laps 0-24,,"Lasteta paar, vähemalt üks alla 65-aastane",2008
"Leibkonnaliikmete arv, tuhat",Laps 0-17,165.2,"Lasteta paar, vähemalt üks alla 65-aastane",2009
"Leibkonnaliikmete arv, tuhat",Laps 0-24,,"Lasteta paar, vähemalt üks alla 65-aastane",2009
"Leibkonnaliikmete arv, tuhat",Laps 0-17,164.3,"Lasteta paar, vähemalt üks alla 65-aastane",2010
"Leibkonnaliikmete arv, tuhat",Laps 0-24,,"Lasteta paar, vähemalt üks alla 65-aastane",2010
"Leibkonnaliikmete arv, tuhat",Laps 0-17,168.7,"Lasteta paar, vähemalt üks alla 65-aastane",2011
"Leibkonnaliikmete arv, tuhat",Laps 0-24,,"Lasteta paar, vähemalt üks alla 65-aastane",2011
"Leibkonnaliikmete arv, tuhat",Laps 0-17,173.6,"Lasteta paar, vähemalt üks alla 65-aastane",2012
"Leibkonnaliikmete arv, tuhat",Laps 0-24,,"Lasteta paar, vähemalt üks alla 65-aastane",2012
"Leibkonnaliikmete arv, tuhat",Laps 0-17,177.2,"Lasteta paar, vähemalt üks alla 65-aastane",2013
"Leibkonnaliikmete arv, tuhat",Laps 0-24,,"Lasteta paar, vähemalt üks alla 65-aastane",2013
"Leibkonnaliikmete arv, tuhat",Laps 0-17,175.3,"Lasteta paar, vähemalt üks alla 65-aastane",2014
"Leibkonnaliikmete arv, tuhat",Laps 0-24,,"Lasteta paar, vähemalt üks alla 65-aastane",2014
"Leibkonnaliikmete arv, tuhat",Laps 0-17,173.9,"Lasteta paar, vähemalt üks alla 65-aastane",2015
"Leibkonnaliikmete arv, tuhat",Laps 0-24,,"Lasteta paar, vähemalt üks alla 65-aastane",2015
"Leibkonnaliikmete arv, tuhat",Laps 0-17,168.4,"Lasteta paar, vähemalt üks alla 65-aastane",2016
"Leibkonnaliikmete arv, tuhat",Laps 0-24,,"Lasteta paar, vähemalt üks alla 65-aastane",2016
"Leibkonnaliikmete arv, tuhat",Laps 0-17,174.8,"Lasteta paar, vähemalt üks alla 65-aastane",2017
"Leibkonnaliikmete arv, tuhat",Laps 0-24,,"Lasteta paar, vähemalt üks alla 65-aastane",2017
"Leibkonnaliikmete arv, tuhat",Laps 0-17,177.3,"Lasteta paar, vähemalt üks alla 65-aastane",2018
"Leibkonnaliikmete arv, tuhat",Laps 0-24,,"Lasteta paar, vähemalt üks alla 65-aastane",2018
"Leibkonnaliikmete arv, tuhat",Laps 0-17,184.9,"Lasteta paar, vähemalt üks alla 65-aastane",2019
"Leibkonnaliikmete arv, tuhat",Laps 0-24,,"Lasteta paar, vähemalt üks alla 65-aastane",2019
"Leibkonnaliikmete arv, tuhat",Laps 0-17,182.8,"Lasteta paar, vähemalt üks alla 65-aastane",2020
"Leibkonnaliikmete arv, tuhat",Laps 0-24,,"Lasteta paar, vähemalt üks alla 65-aastane",2020
"Leibkonnaliikmete arv, tuhat",Laps 0-17,180.3,"Lasteta paar, vähemalt üks alla 65-aastane",2021
"Leibkonnaliikmete arv, tuhat",Laps 0-24,,"Lasteta paar, vähemalt üks alla 65-aastane",2021
"Leibkonnaliikmete arv, tuhat",Laps 0-17,177.7,"Lasteta paar, vähemalt üks alla 65-aastane",2022
"Leibkonnaliikmete arv, tuhat",Laps 0-24,,"Lasteta paar, vähemalt üks alla 65-aastane",2022
"Leibkonnaliikmete arv, tuhat",Laps 0-17,177.5,"Lasteta paar, vähemalt üks alla 65-aastane",2023
"Leibkonnaliikmete arv, tuhat",Laps 0-24,177.5,"Lasteta paar, vähemalt üks alla 65-aastane",2023
"Leibkonnaliikmete arv, tuhat",Laps 0-17,170.9,"Lasteta paar, vähemalt üks alla 65-aastane",2024
"Leibkonnaliikmete arv, tuhat",Laps 0-24,170.9,"Lasteta paar, vähemalt üks alla 65-aastane",2024
"Leibkonnaliikmete arv, tuhat",Laps 0-17,58.3,Lasteta vähemalt 65-aastaste paar,2000
"Leibkonnaliikmete arv, tuhat",Laps 0-24,,Lasteta vähemalt 65-aastaste paar,2000
"Leibkonnaliikmete arv, tuhat",Laps 0-17,60.3,Lasteta vähemalt 65-aastaste paar,2001
"Leibkonnaliikmete arv, tuhat",Laps 0-24,,Lasteta vähemalt 65-aastaste paar,2001
"Leibkonnaliikmete arv, tuhat",Laps 0-17,60.8,Lasteta vähemalt 65-aastaste paar,2002
"Leibkonnaliikmete arv, tuhat",Laps 0-24,,Lasteta vähemalt 65-aastaste paar,2002
"Leibkonnaliikmete arv, tuhat",Laps 0-17,75.0,Lasteta vähemalt 65-aastaste paar,2003
"Leibkonnaliikmete arv, tuhat",Laps 0-24,,Lasteta vähemalt 65-aastaste paar,2003
"Leibkonnaliikmete arv, tuhat",Laps 0-17,67.6,Lasteta vähemalt 65-aastaste paar,2004
"Leibkonnaliikmete arv, tuhat",Laps 0-24,,Lasteta vähemalt 65-aastaste paar,2004
"Leibkonnaliikmete arv, tuhat",Laps 0-17,67.1,Lasteta vähemalt 65-aastaste paar,2005
"Leibkonnaliikmete arv, tuhat",Laps 0-24,,Lasteta vähemalt 65-aastaste paar,2005
"Leibkonnaliikmete arv, tuhat",Laps 0-17,68.6,Lasteta vähemalt 65-aastaste paar,2006
"Leibkonnaliikmete arv, tuhat",Laps 0-24,,Lasteta vähemalt 65-aastaste paar,2006
"Leibkonnaliikmete arv, tuhat",Laps 0-17,71.0,Lasteta vähemalt 65-aastaste paar,2007
"Leibkonnaliikmete arv, tuhat",Laps 0-24,,Lasteta vähemalt 65-aastaste paar,2007
"Leibkonnaliikmete arv, tuhat",Laps 0-17,64.2,Lasteta vähemalt 65-aastaste paar,2008
"Leibkonnaliikmete arv, tuhat",Laps 0-24,,Lasteta vähemalt 65-aastaste paar,2008
"Leibkonnaliikmete arv, tuhat",Laps 0-17,64.2,Lasteta vähemalt 65-aastaste paar,2009
"Leibkonnaliikmete arv, tuhat",Laps 0-24,,Lasteta vähemalt 65-aastaste paar,2009
"Leibkonnaliikmete arv, tuhat",Laps 0-17,67.2,Lasteta vähemalt 65-aastaste paar,2010
"Leibkonnaliikmete arv, tuhat",Laps 0-24,,Lasteta vähemalt 65-aastaste paar,2010
"Leibkonnaliikmete arv, tuhat",Laps 0-17,66.8,Lasteta vähemalt 65-aastaste paar,2011
"Leibkonnaliikmete arv, tuhat",Laps 0-24,,Lasteta vähemalt 65-aastaste paar,2011
"Leibkonnaliikmete arv, tuhat",Laps 0-17,64.5,Lasteta vähemalt 65-aastaste paar,2012
"Leibkonnaliikmete arv, tuhat",Laps 0-24,,Lasteta vähemalt 65-aastaste paar,2012
"Leibkonnaliikmete arv, tuhat",Laps 0-17,66.3,Lasteta vähemalt 65-aastaste paar,2013
"Leibkonnaliikmete arv, tuhat",Laps 0-24,,Lasteta vähemalt 65-aastaste paar,2013
"Leibkonnaliikmete arv, tuhat",Laps 0-17,76.2,Lasteta vähemalt 65-aastaste paar,2014
"Leibkonnaliikmete arv, tuhat",Laps 0-24,,Lasteta vähemalt 65-aastaste paar,2014
"Leibkonnaliikmete arv, tuhat",Laps 0-17,74.9,Lasteta vähemalt 65-aastaste paar,2015
"Leibkonnaliikmete arv, tuhat",Laps 0-24,,Lasteta vähemalt 65-aastaste paar,2015
"Leibkonnaliikmete arv, tuhat",Laps 0-17,75.8,Lasteta vähemalt 65-aastaste paar,2016
"Leibkonnaliikmete arv, tuhat",Laps 0-24,,Lasteta vähemalt 65-aastaste paar,2016
"Leibkonnaliikmete arv, tuhat",Laps 0-17,74.7,Lasteta vähemalt 65-aastaste paar,2017
"Leibkonnaliikmete arv, tuhat",Laps 0-24,,Lasteta vähemalt 65-aastaste paar,2017
"Leibkonnaliikmete arv, tuhat",Laps 0-17,78.5,Lasteta vähemalt 65-aastaste paar,2018
"Leibkonnaliikmete arv, tuhat",Laps 0-24,,Lasteta vähemalt 65-aastaste paar,2018
"Leibkonnaliikmete arv, tuhat",Laps 0-17,78.4,Lasteta vähemalt 65-aastaste paar,2019
"Leibkonnaliikmete arv, tuhat",Laps 0-24,,Lasteta vähemalt 65-aastaste paar,2019
"Leibkonnaliikmete arv, tuhat",Laps 0-17,84.9,Lasteta vähemalt 65-aastaste paar,2020
"Leibkonnaliikmete arv, tuhat",Laps 0-24,,Lasteta vähemalt 65-aastaste paar,2020
"Leibkonnaliikmete arv, tuhat",Laps 0-17,84.2,Lasteta vähemalt 65-aastaste paar,2021
"Leibkonnaliikmete arv, tuhat",Laps 0-24,,Lasteta vähemalt 65-aastaste paar,2021
"Leibkonnaliikmete arv, tuhat",Laps 0-17,83.4,Lasteta vähemalt 65-aastaste paar,2022
"Leibkonnaliikmete arv, tuhat",Laps 0-24,,Lasteta vähemalt 65-aastaste paar,2022
"Leibkonnaliikmete arv, tuhat",Laps 0-17,85.6,Lasteta vähemalt 65-aastaste paar,2023
"Leibkonnaliikmete arv, tuhat",Laps 0-24,85.6,Lasteta vähemalt 65-aastaste paar,2023
"Leibkonnaliikmete arv, tuhat",Laps 0-17,90.9,Lasteta vähemalt 65-aastaste paar,2024
"Leibkonnaliikmete arv, tuhat",Laps 0-24,90.9,Lasteta vähemalt 65-aastaste paar,2024
"Leibkonnaliikmete arv, tuhat",Laps 0-17,225.2,Muu lasteta leibkond,2000
"Leibkonnaliikmete arv, tuhat",Laps 0-24,,Muu lasteta leibkond,2000
"Leibkonnaliikmete arv, tuhat",Laps 0-17,232.6,Muu lasteta leibkond,2001
"Leibkonnaliikmete arv, tuhat",Laps 0-24,,Muu lasteta leibkond,2001
"Leibkonnaliikmete arv, tuhat",Laps 0-17,246.8,Muu lasteta leibkond,2002
"Leibkonnaliikmete arv, tuhat",Laps 0-24,,Muu lasteta leibkond,2002
"Leibkonnaliikmete arv, tuhat",Laps 0-17,259.0,Muu lasteta leibkond,2003
"Leibkonnaliikmete arv, tuhat",Laps 0-24,,Muu lasteta leibkond,2003
"Leibkonnaliikmete arv, tuhat",Laps 0-17,253.5,Muu lasteta leibkond,2004
"Leibkonnaliikmete arv, tuhat",Laps 0-24,,Muu lasteta leibkond,2004
"Leibkonnaliikmete arv, tuhat",Laps 0-17,248.3,Muu lasteta leibkond,2005
"Leibkonnaliikmete arv, tuhat",Laps 0-24,,Muu lasteta leibkond,2005
"Leibkonnaliikmete arv, tuhat",Laps 0-17,251.4,Muu lasteta leibkond,2006
"Leibkonnaliikmete arv, tuhat",Laps 0-24,,Muu lasteta leibkond,2006
"Leibkonnaliikmete arv, tuhat",Laps 0-17,265.4,Muu lasteta leibkond,2007
"Leibkonnaliikmete arv, tuhat",Laps 0-24,,Muu lasteta leibkond,2007
"Leibkonnaliikmete arv, tuhat",Laps 0-17,300.1,Muu lasteta leibkond,2008
"Leibkonnaliikmete arv, tuhat",Laps 0-24,,Muu lasteta leibkond,2008
"Leibkonnaliikmete arv, tuhat",Laps 0-17,312.3,Muu lasteta leibkond,2009
"Leibkonnaliikmete arv, tuhat",Laps 0-24,,Muu lasteta leibkond,2009
"Leibkonnaliikmete arv, tuhat",Laps 0-17,313.5,Muu lasteta leibkond,2010
"Leibkonnaliikmete arv, tuhat",Laps 0-24,,Muu lasteta leibkond,2010
"Leibkonnaliikmete arv, tuhat",Laps 0-17,304.8,Muu lasteta leibkond,2011
"Leibkonnaliikmete arv, tuhat",Laps 0-24,,Muu lasteta leibkond,2011
"Leibkonnaliikmete arv, tuhat",Laps 0-17,288.8,Muu lasteta leibkond,2012
"Leibkonnaliikmete arv, tuhat",Laps 0-24,,Muu lasteta leibkond,2012
"Leibkonnaliikmete arv, tuhat",Laps 0-17,281.1,Muu lasteta leibkond,2013
"Leibkonnaliikmete arv, tuhat",Laps 0-24,,Muu lasteta leibkond,2013
"Leibkonnaliikmete arv, tuhat",Laps 0-17,256.2,Muu lasteta leibkond,2014
"Leibkonnaliikmete arv, tuhat",Laps 0-24,,Muu lasteta leibkond,2014
"Leibkonnaliikmete arv, tuhat",Laps 0-17,260.0,Muu lasteta leibkond,2015
"Leibkonnaliikmete arv, tuhat",Laps 0-24,,Muu lasteta leibkond,2015
"Leibkonnaliikmete arv, tuhat",Laps 0-17,255.1,Muu lasteta leibkond,2016
"Leibkonnaliikmete arv, tuhat",Laps 0-24,,Muu lasteta leibkond,2016
"Leibkonnaliikmete arv, tuhat",Laps 0-17,236.7,Muu lasteta leibkond,2017
"Leibkonnaliikmete arv, tuhat",Laps 0-24,,Muu lasteta leibkond,2017
"Leibkonnaliikmete arv, tuhat",Laps 0-17,218.5,Muu lasteta leibkond,2018
"Leibkonnaliikmete arv, tuhat",Laps 0-24,,Muu lasteta leibkond,2018
"Leibkonnaliikmete arv, tuhat",Laps 0-17,205.4,Muu lasteta leibkond,2019
"Leibkonnaliikmete arv, tuhat",Laps 0-24,,Muu lasteta leibkond,2019
"Leibkonnaliikmete arv, tuhat",Laps 0-17,197.8,Muu lasteta leibkond,2020
"Leibkonnaliikmete arv, tuhat",Laps 0-24,,Muu lasteta leibkond,2020
"Leibkonnaliikmete arv, tuhat",Laps 0-17,194.2,Muu lasteta leibkond,2021
"Leibkonnaliikmete arv, tuhat",Laps 0-24,,Muu lasteta leibkond,2021
"Leibkonnaliikmete arv, tuhat",Laps 0-17,187.9,Muu lasteta leibkond,2022
"Leibkonnaliikmete arv, tuhat",Laps 0-24,,Muu lasteta leibkond,2022
"Leibkonnaliikmete arv, tuhat",Laps 0-17,189.1,Muu lasteta leibkond,2023
"Leibkonnaliikmete arv, tuhat",Laps 0-24,137.2,Muu lasteta leibkond,2023
"Leibkonnaliikmete arv, tuhat",Laps 0-17,194.7,Muu lasteta leibkond,2024
"Leibkonnaliikmete arv, tuhat",Laps 0-24,124.7,Muu lasteta leibkond,2024
"Leibkonnaliikmete arv, tuhat",Laps 0-17,734.0,Lastega leibkond,2000
"Leibkonnaliikmete arv, tuhat",Laps 0-24,,Lastega leibkond,2000
"Leibkonnaliikmete arv, tuhat",Laps 0-17,733.2,Lastega leibkond,2001
"Leibkonnaliikmete arv, tuhat",Laps 0-24,,Lastega leibkond,2001
"Leibkonnaliikmete arv, tuhat",Laps 0-17,710.9,Lastega leibkond,2002
"Leibkonnaliikmete arv, tuhat",Laps 0-24,,Lastega leibkond,2002
"Leibkonnaliikmete arv, tuhat",Laps 0-17,689.1,Lastega leibkond,2003
"Leibkonnaliikmete arv, tuhat",Laps 0-24,,Lastega leibkond,2003
"Leibkonnaliikmete arv, tuhat",Laps 0-17,680.9,Lastega leibkond,2004
"Leibkonnaliikmete arv, tuhat",Laps 0-24,,Lastega leibkond,2004
"Leibkonnaliikmete arv, tuhat",Laps 0-17,675.3,Lastega leibkond,2005
"Leibkonnaliikmete arv, tuhat",Laps 0-24,,Lastega leibkond,2005
"Leibkonnaliikmete arv, tuhat",Laps 0-17,652.8,Lastega leibkond,2006
"Leibkonnaliikmete arv, tuhat",Laps 0-24,,Lastega leibkond,2006
"Leibkonnaliikmete arv, tuhat",Laps 0-17,633.1,Lastega leibkond,2007
"Leibkonnaliikmete arv, tuhat",Laps 0-24,,Lastega leibkond,2007
"Leibkonnaliikmete arv, tuhat",Laps 0-17,602.4,Lastega leibkond,2008
"Leibkonnaliikmete arv, tuhat",Laps 0-24,,Lastega leibkond,2008
"Leibkonnaliikmete arv, tuhat",Laps 0-17,588.0,Lastega leibkond,2009
"Leibkonnaliikmete arv, tuhat",Laps 0-24,,Lastega leibkond,2009
"Leibkonnaliikmete arv, tuhat",Laps 0-17,582.4,Lastega leibkond,2010
"Leibkonnaliikmete arv, tuhat",Laps 0-24,,Lastega leibkond,2010
"Leibkonnaliikmete arv, tuhat",Laps 0-17,583.9,Lastega leibkond,2011
"Leibkonnaliikmete arv, tuhat",Laps 0-24,,Lastega leibkond,2011
"Leibkonnaliikmete arv, tuhat",Laps 0-17,586.0,Lastega leibkond,2012
"Leibkonnaliikmete arv, tuhat",Laps 0-24,,Lastega leibkond,2012
"Leibkonnaliikmete arv, tuhat",Laps 0-17,591.3,Lastega leibkond,2013
"Leibkonnaliikmete arv, tuhat",Laps 0-24,,Lastega leibkond,2013
"Leibkonnaliikmete arv, tuhat",Laps 0-17,581.8,Lastega leibkond,2014
"Leibkonnaliikmete arv, tuhat",Laps 0-24,,Lastega leibkond,2014
"Leibkonnaliikmete arv, tuhat",Laps 0-17,585.0,Lastega leibkond,2015
"Leibkonnaliikmete arv, tuhat",Laps 0-24,,Lastega leibkond,2015
"Leibkonnaliikmete arv, tuhat",Laps 0-17,580.2,Lastega leibkond,2016
"Leibkonnaliikmete arv, tuhat",Laps 0-24,,Lastega leibkond,2016
"Leibkonnaliikmete arv, tuhat",Laps 0-17,578.7,Lastega leibkond,2017
"Leibkonnaliikmete arv, tuhat",Laps 0-24,,Lastega leibkond,2017
"Leibkonnaliikmete arv, tuhat",Laps 0-17,587.7,Lastega leibkond,2018
"Leibkonnaliikmete arv, tuhat",Laps 0-24,,Lastega leibkond,2018
"Leibkonnaliikmete arv, tuhat",Laps 0-17,584.4,Lastega leibkond,2019
"Leibkonnaliikmete arv, tuhat",Laps 0-24,,Lastega leibkond,2019
"Leibkonnaliikmete arv, tuhat",Laps 0-17,584.4,Lastega leibkond,2020
"Leibkonnaliikmete arv, tuhat",Laps 0-24,,Lastega leibkond,2020
"Leibkonnaliikmete arv, tuhat",Laps 0-17,587.6,Lastega leibkond,2021
"Leibkonnaliikmete arv, tuhat",Laps 0-24,,Lastega leibkond,2021
"Leibkonnaliikmete arv, tuhat",Laps 0-17,590.1,Lastega leibkond,2022
"Leibkonnaliikmete arv, tuhat",Laps 0-24,,Lastega leibkond,2022
"Leibkonnaliikmete arv, tuhat",Laps 0-17,616.0,Lastega leibkond,2023
"Leibkonnaliikmete arv, tuhat",Laps 0-24,667.9,Lastega leibkond,2023
"Leibkonnaliikmete arv, tuhat",Laps 0-17,608.3,Lastega leibkond,2024
"Leibkonnaliikmete arv, tuhat",Laps 0-24,678.2,Lastega leibkond,2024
"Leibkonnaliikmete arv, tuhat",Laps 0-17,81.5,Täiskasvanu ja laps(ed),2000
"Leibkonnaliikmete arv, tuhat",Laps 0-24,,Täiskasvanu ja laps(ed),2000
"Leibkonnaliikmete arv, tuhat",Laps 0-17,70.8,Täiskasvanu ja laps(ed),2001
"Leibkonnaliikmete arv, tuhat",Laps 0-24,,Täiskasvanu ja laps(ed),2001
"Leibkonnaliikmete arv, tuhat",Laps 0-17,69.2,Täiskasvanu ja laps(ed),2002
"Leibkonnaliikmete arv, tuhat",Laps 0-24,,Täiskasvanu ja laps(ed),2002
"Leibkonnaliikmete arv, tuhat",Laps 0-17,81.4,Täiskasvanu ja laps(ed),2003
"Leibkonnaliikmete arv, tuhat",Laps 0-24,,Täiskasvanu ja laps(ed),2003
"Leibkonnaliikmete arv, tuhat",Laps 0-17,65.1,Täiskasvanu ja laps(ed),2004
"Leibkonnaliikmete arv, tuhat",Laps 0-24,,Täiskasvanu ja laps(ed),2004
"Leibkonnaliikmete arv, tuhat",Laps 0-17,55.0,Täiskasvanu ja laps(ed),2005
"Leibkonnaliikmete arv, tuhat",Laps 0-24,,Täiskasvanu ja laps(ed),2005
"Leibkonnaliikmete arv, tuhat",Laps 0-17,67.6,Täiskasvanu ja laps(ed),2006
"Leibkonnaliikmete arv, tuhat",Laps 0-24,,Täiskasvanu ja laps(ed),2006
"Leibkonnaliikmete arv, tuhat",Laps 0-17,53.4,Täiskasvanu ja laps(ed),2007
"Leibkonnaliikmete arv, tuhat",Laps 0-24,,Täiskasvanu ja laps(ed),2007
"Leibkonnaliikmete arv, tuhat",Laps 0-17,55.1,Täiskasvanu ja laps(ed),2008
"Leibkonnaliikmete arv, tuhat",Laps 0-24,,Täiskasvanu ja laps(ed),2008
"Leibkonnaliikmete arv, tuhat",Laps 0-17,49.2,Täiskasvanu ja laps(ed),2009
"Leibkonnaliikmete arv, tuhat",Laps 0-24,,Täiskasvanu ja laps(ed),2009
"Leibkonnaliikmete arv, tuhat",Laps 0-17,43.1,Täiskasvanu ja laps(ed),2010
"Leibkonnaliikmete arv, tuhat",Laps 0-24,,Täiskasvanu ja laps(ed),2010
"Leibkonnaliikmete arv, tuhat",Laps 0-17,41.5,Täiskasvanu ja laps(ed),2011
"Leibkonnaliikmete arv, tuhat",Laps 0-24,,Täiskasvanu ja laps(ed),2011
"Leibkonnaliikmete arv, tuhat",Laps 0-17,47.1,Täiskasvanu ja laps(ed),2012
"Leibkonnaliikmete arv, tuhat",Laps 0-24,,Täiskasvanu ja laps(ed),2012
"Leibkonnaliikmete arv, tuhat",Laps 0-17,44.9,Täiskasvanu ja laps(ed),2013
"Leibkonnaliikmete arv, tuhat",Laps 0-24,,Täiskasvanu ja laps(ed),2013
"Leibkonnaliikmete arv, tuhat",Laps 0-17,39.7,Täiskasvanu ja laps(ed),2014
"Leibkonnaliikmete arv, tuhat",Laps 0-24,,Täiskasvanu ja laps(ed),2014
"Leibkonnaliikmete arv, tuhat",Laps 0-17,42.1,Täiskasvanu ja laps(ed),2015
"Leibkonnaliikmete arv, tuhat",Laps 0-24,,Täiskasvanu ja laps(ed),2015
"Leibkonnaliikmete arv, tuhat",Laps 0-17,42.1,Täiskasvanu ja laps(ed),2016
"Leibkonnaliikmete arv, tuhat",Laps 0-24,,Täiskasvanu ja laps(ed),2016
"Leibkonnaliikmete arv, tuhat",Laps 0-17,47.3,Täiskasvanu ja laps(ed),2017
"Leibkonnaliikmete arv, tuhat",Laps 0-24,,Täiskasvanu ja laps(ed),2017
"Leibkonnaliikmete arv, tuhat",Laps 0-17,45.1,Täiskasvanu ja laps(ed),2018
"Leibkonnaliikmete arv, tuhat",Laps 0-24,,Täiskasvanu ja laps(ed),2018
"Leibkonnaliikmete arv, tuhat",Laps 0-17,48.6,Täiskasvanu ja laps(ed),2019
"Leibkonnaliikmete arv, tuhat",Laps 0-24,,Täiskasvanu ja laps(ed),2019
"Leibkonnaliikmete arv, tuhat",Laps 0-17,48.1,Täiskasvanu ja laps(ed),2020
"Leibkonnaliikmete arv, tuhat",Laps 0-24,,Täiskasvanu ja laps(ed),2020
"Leibkonnaliikmete arv, tuhat",Laps 0-17,49.3,Täiskasvanu ja laps(ed),2021
"Leibkonnaliikmete arv, tuhat",Laps 0-24,,Täiskasvanu ja laps(ed),2021
"Leibkonnaliikmete arv, tuhat",Laps 0-17,46.7,Täiskasvanu ja laps(ed),2022
"Leibkonnaliikmete arv, tuhat",Laps 0-24,,Täiskasvanu ja laps(ed),2022
"Leibkonnaliikmete arv, tuhat",Laps 0-17,45.3,Täiskasvanu ja laps(ed),2023
"Leibkonnaliikmete arv, tuhat",Laps 0-24,54.9,Täiskasvanu ja laps(ed),2023
"Leibkonnaliikmete arv, tuhat",Laps 0-17,55.3,Täiskasvanu ja laps(ed),2024
"Leibkonnaliikmete arv, tuhat",Laps 0-24,69.4,Täiskasvanu ja laps(ed),2024
"Leibkonnaliikmete arv, tuhat",Laps 0-17,160.9,Ühe lapsega paar,2000
"Leibkonnaliikmete arv, tuhat",Laps 0-24,,Ühe lapsega paar,2000
"Leibkonnaliikmete arv, tuhat",Laps 0-17,174.5,Ühe lapsega paar,2001
"Leibkonnaliikmete arv, tuhat",Laps 0-24,,Ühe lapsega paar,2001
"Leibkonnaliikmete arv, tuhat",Laps 0-17,152.6,Ühe lapsega paar,2002
"Leibkonnaliikmete arv, tuhat",Laps 0-24,,Ühe lapsega paar,2002
"Leibkonnaliikmete arv, tuhat",Laps 0-17,145.6,Ühe lapsega paar,2003
"Leibkonnaliikmete arv, tuhat",Laps 0-24,,Ühe lapsega paar,2003
"Leibkonnaliikmete arv, tuhat",Laps 0-17,145.1,Ühe lapsega paar,2004
"Leibkonnaliikmete arv, tuhat",Laps 0-24,,Ühe lapsega paar,2004
"Leibkonnaliikmete arv, tuhat",Laps 0-17,152.1,Ühe lapsega paar,2005
"Leibkonnaliikmete arv, tuhat",Laps 0-24,,Ühe lapsega paar,2005
"Leibkonnaliikmete arv, tuhat",Laps 0-17,145.9,Ühe lapsega paar,2006
"Leibkonnaliikmete arv, tuhat",Laps 0-24,,Ühe lapsega paar,2006
"Leibkonnaliikmete arv, tuhat",Laps 0-17,171.8,Ühe lapsega paar,2007
"Leibkonnaliikmete arv, tuhat",Laps 0-24,,Ühe lapsega paar,2007
"Leibkonnaliikmete arv, tuhat",Laps 0-17,137.8,Ühe lapsega paar,2008
"Leibkonnaliikmete arv, tuhat",Laps 0-24,,Ühe lapsega paar,2008
"Leibkonnaliikmete arv, tuhat",Laps 0-17,139.9,Ühe lapsega paar,2009
"Leibkonnaliikmete arv, tuhat",Laps 0-24,,Ühe lapsega paar,2009
"Leibkonnaliikmete arv, tuhat",Laps 0-17,136.5,Ühe lapsega paar,2010
"Leibkonnaliikmete arv, tuhat",Laps 0-24,,Ühe lapsega paar,2010
"Leibkonnaliikmete arv, tuhat",Laps 0-17,129.1,Ühe lapsega paar,2011
"Leibkonnaliikmete arv, tuhat",Laps 0-24,,Ühe lapsega paar,2011
"Leibkonnaliikmete arv, tuhat",Laps 0-17,144.7,Ühe lapsega paar,2012
"Leibkonnaliikmete arv, tuhat",Laps 0-24,,Ühe lapsega paar,2012
"Leibkonnaliikmete arv, tuhat",Laps 0-17,130.6,Ühe lapsega paar,2013
"Leibkonnaliikmete arv, tuhat",Laps 0-24,,Ühe lapsega paar,2013
"Leibkonnaliikmete arv, tuhat",Laps 0-17,128.4,Ühe lapsega paar,2014
"Leibkonnaliikmete arv, tuhat",Laps 0-24,,Ühe lapsega paar,2014
"Leibkonnaliikmete arv, tuhat",Laps 0-17,131.6,Ühe lapsega paar,2015
"Leibkonnaliikmete arv, tuhat",Laps 0-24,,Ühe lapsega paar,2015
"Leibkonnaliikmete arv, tuhat",Laps 0-17,127.8,Ühe lapsega paar,2016
"Leibkonnaliikmete arv, tuhat",Laps 0-24,,Ühe lapsega paar,2016
"Leibkonnaliikmete arv, tuhat",Laps 0-17,120.5,Ühe lapsega paar,2017
"Leibkonnaliikmete arv, tuhat",Laps 0-24,,Ühe lapsega paar,2017
"Leibkonnaliikmete arv, tuhat",Laps 0-17,126.4,Ühe lapsega paar,2018
"Leibkonnaliikmete arv, tuhat",Laps 0-24,,Ühe lapsega paar,2018
"Leibkonnaliikmete arv, tuhat",Laps 0-17,127.1,Ühe lapsega paar,2019
"Leibkonnaliikmete arv, tuhat",Laps 0-24,,Ühe lapsega paar,2019
"Leibkonnaliikmete arv, tuhat",Laps 0-17,128.6,Ühe lapsega paar,2020
"Leibkonnaliikmete arv, tuhat",Laps 0-24,,Ühe lapsega paar,2020
"Leibkonnaliikmete arv, tuhat",Laps 0-17,129.3,Ühe lapsega paar,2021
"Leibkonnaliikmete arv, tuhat",Laps 0-24,,Ühe lapsega paar,2021
"Leibkonnaliikmete arv, tuhat",Laps 0-17,124.9,Ühe lapsega paar,2022
"Leibkonnaliikmete arv, tuhat",Laps 0-24,,Ühe lapsega paar,2022
"Leibkonnaliikmete arv, tuhat",Laps 0-17,130.5,Ühe lapsega paar,2023
"Leibkonnaliikmete arv, tuhat",Laps 0-24,155.0,Ühe lapsega paar,2023
"Leibkonnaliikmete arv, tuhat",Laps 0-17,133.6,Ühe lapsega paar,2024
"Leibkonnaliikmete arv, tuhat",Laps 0-24,158.4,Ühe lapsega paar,2024
"Leibkonnaliikmete arv, tuhat",Laps 0-17,179.5,Kahe lapsega paar,2000
"Leibkonnaliikmete arv, tuhat",Laps 0-24,,Kahe lapsega paar,2000
"Leibkonnaliikmete arv, tuhat",Laps 0-17,181.7,Kahe lapsega paar,2001
"Leibkonnaliikmete arv, tuhat",Laps 0-24,,Kahe lapsega paar,2001
"Leibkonnaliikmete arv, tuhat",Laps 0-17,189.4,Kahe lapsega paar,2002
"Leibkonnaliikmete arv, tuhat",Laps 0-24,,Kahe lapsega paar,2002
"Leibkonnaliikmete arv, tuhat",Laps 0-17,160.0,Kahe lapsega paar,2003
"Leibkonnaliikmete arv, tuhat",Laps 0-24,,Kahe lapsega paar,2003
"Leibkonnaliikmete arv, tuhat",Laps 0-17,166.0,Kahe lapsega paar,2004
"Leibkonnaliikmete arv, tuhat",Laps 0-24,,Kahe lapsega paar,2004
"Leibkonnaliikmete arv, tuhat",Laps 0-17,143.7,Kahe lapsega paar,2005
"Leibkonnaliikmete arv, tuhat",Laps 0-24,,Kahe lapsega paar,2005
"Leibkonnaliikmete arv, tuhat",Laps 0-17,139.1,Kahe lapsega paar,2006
"Leibkonnaliikmete arv, tuhat",Laps 0-24,,Kahe lapsega paar,2006
"Leibkonnaliikmete arv, tuhat",Laps 0-17,146.9,Kahe lapsega paar,2007
"Leibkonnaliikmete arv, tuhat",Laps 0-24,,Kahe lapsega paar,2007
"Leibkonnaliikmete arv, tuhat",Laps 0-17,151.1,Kahe lapsega paar,2008
"Leibkonnaliikmete arv, tuhat",Laps 0-24,,Kahe lapsega paar,2008
"Leibkonnaliikmete arv, tuhat",Laps 0-17,151.2,Kahe lapsega paar,2009
"Leibkonnaliikmete arv, tuhat",Laps 0-24,,Kahe lapsega paar,2009
"Leibkonnaliikmete arv, tuhat",Laps 0-17,150.6,Kahe lapsega paar,2010
"Leibkonnaliikmete arv, tuhat",Laps 0-24,,Kahe lapsega paar,2010
"Leibkonnaliikmete arv, tuhat",Laps 0-17,157.9,Kahe lapsega paar,2011
"Leibkonnaliikmete arv, tuhat",Laps 0-24,,Kahe lapsega paar,2011
"Leibkonnaliikmete arv, tuhat",Laps 0-17,149.3,Kahe lapsega paar,2012
"Leibkonnaliikmete arv, tuhat",Laps 0-24,,Kahe lapsega paar,2012
"Leibkonnaliikmete arv, tuhat",Laps 0-17,148.6,Kahe lapsega paar,2013
"Leibkonnaliikmete arv, tuhat",Laps 0-24,,Kahe lapsega paar,2013
"Leibkonnaliikmete arv, tuhat",Laps 0-17,168.9,Kahe lapsega paar,2014
"Leibkonnaliikmete arv, tuhat",Laps 0-24,,Kahe lapsega paar,2014
"Leibkonnaliikmete arv, tuhat",Laps 0-17,157.0,Kahe lapsega paar,2015
"Leibkonnaliikmete arv, tuhat",Laps 0-24,,Kahe lapsega paar,2015
"Leibkonnaliikmete arv, tuhat",Laps 0-17,167.4,Kahe lapsega paar,2016
"Leibkonnaliikmete arv, tuhat",Laps 0-24,,Kahe lapsega paar,2016
"Leibkonnaliikmete arv, tuhat",Laps 0-17,175.7,Kahe lapsega paar,2017
"Leibkonnaliikmete arv, tuhat",Laps 0-24,,Kahe lapsega paar,2017
"Leibkonnaliikmete arv, tuhat",Laps 0-17,174.7,Kahe lapsega paar,2018
"Leibkonnaliikmete arv, tuhat",Laps 0-24,,Kahe lapsega paar,2018
"Leibkonnaliikmete arv, tuhat",Laps 0-17,169.8,Kahe lapsega paar,2019
"Leibkonnaliikmete arv, tuhat",Laps 0-24,,Kahe lapsega paar,2019
"Leibkonnaliikmete arv, tuhat",Laps 0-17,162.1,Kahe lapsega paar,2020
"Leibkonnaliikmete arv, tuhat",Laps 0-24,,Kahe lapsega paar,2020
"Leibkonnaliikmete arv, tuhat",Laps 0-17,165.2,Kahe lapsega paar,2021
"Leibkonnaliikmete arv, tuhat",Laps 0-24,,Kahe lapsega paar,2021
"Leibkonnaliikmete arv, tuhat",Laps 0-17,172.6,Kahe lapsega paar,2022
"Leibkonnaliikmete arv, tuhat",Laps 0-24,,Kahe lapsega paar,2022
"Leibkonnaliikmete arv, tuhat",Laps 0-17,174.5,Kahe lapsega paar,2023
"Leibkonnaliikmete arv, tuhat",Laps 0-24,218.1,Kahe lapsega paar,2023
"Leibkonnaliikmete arv, tuhat",Laps 0-17,162.7,Kahe lapsega paar,2024
"Leibkonnaliikmete arv, tuhat",Laps 0-24,206.4,Kahe lapsega paar,2024
"Leibkonnaliikmete arv, tuhat",Laps 0-17,73.5,Vähemalt kolme lapsega paar,2000
"Leibkonnaliikmete arv, tuhat",Laps 0-24,,Vähemalt kolme lapsega paar,2000
"Leibkonnaliikmete arv, tuhat",Laps 0-17,67.4,Vähemalt kolme lapsega paar,2001
"Leibkonnaliikmete arv, tuhat",Laps 0-24,,Vähemalt kolme lapsega paar,2001
"Leibkonnaliikmete arv, tuhat",Laps 0-17,68.3,Vähemalt kolme lapsega paar,2002
"Leibkonnaliikmete arv, tuhat",Laps 0-24,,Vähemalt kolme lapsega paar,2002
"Leibkonnaliikmete arv, tuhat",Laps 0-17,58.0,Vähemalt kolme lapsega paar,2003
"Leibkonnaliikmete arv, tuhat",Laps 0-24,,Vähemalt kolme lapsega paar,2003
"Leibkonnaliikmete arv, tuhat",Laps 0-17,71.1,Vähemalt kolme lapsega paar,2004
"Leibkonnaliikmete arv, tuhat",Laps 0-24,,Vähemalt kolme lapsega paar,2004
"Leibkonnaliikmete arv, tuhat",Laps 0-17,73.9,Vähemalt kolme lapsega paar,2005
"Leibkonnaliikmete arv, tuhat",Laps 0-24,,Vähemalt kolme lapsega paar,2005
"Leibkonnaliikmete arv, tuhat",Laps 0-17,62.2,Vähemalt kolme lapsega paar,2006
"Leibkonnaliikmete arv, tuhat",Laps 0-24,,Vähemalt kolme lapsega paar,2006
"Leibkonnaliikmete arv, tuhat",Laps 0-17,65.1,Vähemalt kolme lapsega paar,2007
"Leibkonnaliikmete arv, tuhat",Laps 0-24,,Vähemalt kolme lapsega paar,2007
"Leibkonnaliikmete arv, tuhat",Laps 0-17,49.3,Vähemalt kolme lapsega paar,2008
"Leibkonnaliikmete arv, tuhat",Laps 0-24,,Vähemalt kolme lapsega paar,2008
"Leibkonnaliikmete arv, tuhat",Laps 0-17,51.6,Vähemalt kolme lapsega paar,2009
"Leibkonnaliikmete arv, tuhat",Laps 0-24,,Vähemalt kolme lapsega paar,2009
"Leibkonnaliikmete arv, tuhat",Laps 0-17,59.0,Vähemalt kolme lapsega paar,2010
"Leibkonnaliikmete arv, tuhat",Laps 0-24,,Vähemalt kolme lapsega paar,2010
"Leibkonnaliikmete arv, tuhat",Laps 0-17,58.0,Vähemalt kolme lapsega paar,2011
"Leibkonnaliikmete arv, tuhat",Laps 0-24,,Vähemalt kolme lapsega paar,2011
"Leibkonnaliikmete arv, tuhat",Laps 0-17,55.8,Vähemalt kolme lapsega paar,2012
"Leibkonnaliikmete arv, tuhat",Laps 0-24,,Vähemalt kolme lapsega paar,2012
"Leibkonnaliikmete arv, tuhat",Laps 0-17,55.5,Vähemalt kolme lapsega paar,2013
"Leibkonnaliikmete arv, tuhat",Laps 0-24,,Vähemalt kolme lapsega paar,2013
"Leibkonnaliikmete arv, tuhat",Laps 0-17,50.4,Vähemalt kolme lapsega paar,2014
"Leibkonnaliikmete arv, tuhat",Laps 0-24,,Vähemalt kolme lapsega paar,2014
"Leibkonnaliikmete arv, tuhat",Laps 0-17,52.0,Vähemalt kolme lapsega paar,2015
"Leibkonnaliikmete arv, tuhat",Laps 0-24,,Vähemalt kolme lapsega paar,2015
"Leibkonnaliikmete arv, tuhat",Laps 0-17,53.7,Vähemalt kolme lapsega paar,2016
"Leibkonnaliikmete arv, tuhat",Laps 0-24,,Vähemalt kolme lapsega paar,2016
"Leibkonnaliikmete arv, tuhat",Laps 0-17,57.3,Vähemalt kolme lapsega paar,2017
"Leibkonnaliikmete arv, tuhat",Laps 0-24,,Vähemalt kolme lapsega paar,2017
"Leibkonnaliikmete arv, tuhat",Laps 0-17,64.8,Vähemalt kolme lapsega paar,2018
"Leibkonnaliikmete arv, tuhat",Laps 0-24,,Vähemalt kolme lapsega paar,2018
"Leibkonnaliikmete arv, tuhat",Laps 0-17,77.5,Vähemalt kolme lapsega paar,2019
"Leibkonnaliikmete arv, tuhat",Laps 0-24,,Vähemalt kolme lapsega paar,2019
"Leibkonnaliikmete arv, tuhat",Laps 0-17,88.9,Vähemalt kolme lapsega paar,2020
"Leibkonnaliikmete arv, tuhat",Laps 0-24,,Vähemalt kolme lapsega paar,2020
"Leibkonnaliikmete arv, tuhat",Laps 0-17,90.8,Vähemalt kolme lapsega paar,2021
"Leibkonnaliikmete arv, tuhat",Laps 0-24,,Vähemalt kolme lapsega paar,2021
"Leibkonnaliikmete arv, tuhat",Laps 0-17,85.7,Vähemalt kolme lapsega paar,2022
"Leibkonnaliikmete arv, tuhat",Laps 0-24,,Vähemalt kolme lapsega paar,2022
"Leibkonnaliikmete arv, tuhat",Laps 0-17,87.4,Vähemalt kolme lapsega paar,2023
"Leibkonnaliikmete arv, tuhat",Laps 0-24,121.8,Vähemalt kolme lapsega paar,2023
"Leibkonnaliikmete arv, tuhat",Laps 0-17,86.8,Vähemalt kolme lapsega paar,2024
"Leibkonnaliikmete arv, tuhat",Laps 0-24,116.4,Vähemalt kolme lapsega paar,2024
"Leibkonnaliikmete arv, tuhat",Laps 0-17,94.5,Ala- ja täisealiste lastega paar,2000
"Leibkonnaliikmete arv, tuhat",Laps 0-24,,Ala- ja täisealiste lastega paar,2000
"Leibkonnaliikmete arv, tuhat",Laps 0-17,88.3,Ala- ja täisealiste lastega paar,2001
"Leibkonnaliikmete arv, tuhat",Laps 0-24,,Ala- ja täisealiste lastega paar,2001
"Leibkonnaliikmete arv, tuhat",Laps 0-17,95.1,Ala- ja täisealiste lastega paar,2002
"Leibkonnaliikmete arv, tuhat",Laps 0-24,,Ala- ja täisealiste lastega paar,2002
"Leibkonnaliikmete arv, tuhat",Laps 0-17,101.2,Ala- ja täisealiste lastega paar,2003
"Leibkonnaliikmete arv, tuhat",Laps 0-24,,Ala- ja täisealiste lastega paar,2003
"Leibkonnaliikmete arv, tuhat",Laps 0-17,96.7,Ala- ja täisealiste lastega paar,2004
"Leibkonnaliikmete arv, tuhat",Laps 0-24,,Ala- ja täisealiste lastega paar,2004
"Leibkonnaliikmete arv, tuhat",Laps 0-17,84.3,Ala- ja täisealiste lastega paar,2005
"Leibkonnaliikmete arv, tuhat",Laps 0-24,,Ala- ja täisealiste lastega paar,2005
"Leibkonnaliikmete arv, tuhat",Laps 0-17,108.1,Ala- ja täisealiste lastega paar,2006
"Leibkonnaliikmete arv, tuhat",Laps 0-24,,Ala- ja täisealiste lastega paar,2006
"Leibkonnaliikmete arv, tuhat",Laps 0-17,85.9,Ala- ja täisealiste lastega paar,2007
"Leibkonnaliikmete arv, tuhat",Laps 0-24,,Ala- ja täisealiste lastega paar,2007
"Leibkonnaliikmete arv, tuhat",Laps 0-17,83.0,Ala- ja täisealiste lastega paar,2008
"Leibkonnaliikmete arv, tuhat",Laps 0-24,,Ala- ja täisealiste lastega paar,2008
"Leibkonnaliikmete arv, tuhat",Laps 0-17,78.1,Ala- ja täisealiste lastega paar,2009
"Leibkonnaliikmete arv, tuhat",Laps 0-24,,Ala- ja täisealiste lastega paar,2009
"Leibkonnaliikmete arv, tuhat",Laps 0-17,77.9,Ala- ja täisealiste lastega paar,2010
"Leibkonnaliikmete arv, tuhat",Laps 0-24,,Ala- ja täisealiste lastega paar,2010
"Leibkonnaliikmete arv, tuhat",Laps 0-17,84.5,Ala- ja täisealiste lastega paar,2011
"Leibkonnaliikmete arv, tuhat",Laps 0-24,,Ala- ja täisealiste lastega paar,2011
"Leibkonnaliikmete arv, tuhat",Laps 0-17,80.2,Ala- ja täisealiste lastega paar,2012
"Leibkonnaliikmete arv, tuhat",Laps 0-24,,Ala- ja täisealiste lastega paar,2012
"Leibkonnaliikmete arv, tuhat",Laps 0-17,99.5,Ala- ja täisealiste lastega paar,2013
"Leibkonnaliikmete arv, tuhat",Laps 0-24,,Ala- ja täisealiste lastega paar,2013
"Leibkonnaliikmete arv, tuhat",Laps 0-17,88.3,Ala- ja täisealiste lastega paar,2014
"Leibkonnaliikmete arv, tuhat",Laps 0-24,,Ala- ja täisealiste lastega paar,2014
"Leibkonnaliikmete arv, tuhat",Laps 0-17,91.9,Ala- ja täisealiste lastega paar,2015
"Leibkonnaliikmete arv, tuhat",Laps 0-24,,Ala- ja täisealiste lastega paar,2015
"Leibkonnaliikmete arv, tuhat",Laps 0-17,95.2,Ala- ja täisealiste lastega paar,2016
"Leibkonnaliikmete arv, tuhat",Laps 0-24,,Ala- ja täisealiste lastega paar,2016
"Leibkonnaliikmete arv, tuhat",Laps 0-17,92.9,Ala- ja täisealiste lastega paar,2017
"Leibkonnaliikmete arv, tuhat",Laps 0-24,,Ala- ja täisealiste lastega paar,2017
"Leibkonnaliikmete arv, tuhat",Laps 0-17,91.0,Ala- ja täisealiste lastega paar,2018
"Leibkonnaliikmete arv, tuhat",Laps 0-24,,Ala- ja täisealiste lastega paar,2018
"Leibkonnaliikmete arv, tuhat",Laps 0-17,79.6,Ala- ja täisealiste lastega paar,2019
"Leibkonnaliikmete arv, tuhat",Laps 0-24,,Ala- ja täisealiste lastega paar,2019
"Leibkonnaliikmete arv, tuhat",Laps 0-17,86.4,Ala- ja täisealiste lastega paar,2020
"Leibkonnaliikmete arv, tuhat",Laps 0-24,,Ala- ja täisealiste lastega paar,2020
"Leibkonnaliikmete arv, tuhat",Laps 0-17,89.5,Ala- ja täisealiste lastega paar,2021
"Leibkonnaliikmete arv, tuhat",Laps 0-24,,Ala- ja täisealiste lastega paar,2021
"Leibkonnaliikmete arv, tuhat",Laps 0-17,93.7,Ala- ja täisealiste lastega paar,2022
"Leibkonnaliikmete arv, tuhat",Laps 0-24,,Ala- ja täisealiste lastega paar,2022
"Leibkonnaliikmete arv, tuhat",Laps 0-17,110.4,Ala- ja täisealiste lastega paar,2023
"Leibkonnaliikmete arv, tuhat",Laps 0-24,41.6,Ala- ja täisealiste lastega paar,2023
"Leibkonnaliikmete arv, tuhat",Laps 0-17,101.9,Ala- ja täisealiste lastega paar,2024
"Leibkonnaliikmete arv, tuhat",Laps 0-24,48.5,Ala- ja täisealiste lastega paar,2024
"Leibkonnaliikmete arv, tuhat",Laps 0-17,144.1,Muu lastega leibkond,2000
"Leibkonnaliikmete arv, tuhat",Laps 0-24,,Muu lastega leibkond,2000
"Leibkonnaliikmete arv, tuhat",Laps 0-17,150.6,Muu lastega leibkond,2001
"Leibkonnaliikmete arv, tuhat",Laps 0-24,,Muu lastega leibkond,2001
"Leibkonnaliikmete arv, tuhat",Laps 0-17,136.3,Muu lastega leibkond,2002
"Leibkonnaliikmete arv, tuhat",Laps 0-24,,Muu lastega leibkond,2002
"Leibkonnaliikmete arv, tuhat",Laps 0-17,143.0,Muu lastega leibkond,2003
"Leibkonnaliikmete arv, tuhat",Laps 0-24,,Muu lastega leibkond,2003
"Leibkonnaliikmete arv, tuhat",Laps 0-17,136.9,Muu lastega leibkond,2004
"Leibkonnaliikmete arv, tuhat",Laps 0-24,,Muu lastega leibkond,2004
"Leibkonnaliikmete arv, tuhat",Laps 0-17,166.4,Muu lastega leibkond,2005
"Leibkonnaliikmete arv, tuhat",Laps 0-24,,Muu lastega leibkond,2005
"Leibkonnaliikmete arv, tuhat",Laps 0-17,129.9,Muu lastega leibkond,2006
"Leibkonnaliikmete arv, tuhat",Laps 0-24,,Muu lastega leibkond,2006
"Leibkonnaliikmete arv, tuhat",Laps 0-17,110.1,Muu lastega leibkond,2007
"Leibkonnaliikmete arv, tuhat",Laps 0-24,,Muu lastega leibkond,2007
"Leibkonnaliikmete arv, tuhat",Laps 0-17,126.2,Muu lastega leibkond,2008
"Leibkonnaliikmete arv, tuhat",Laps 0-24,,Muu lastega leibkond,2008
"Leibkonnaliikmete arv, tuhat",Laps 0-17,117.9,Muu lastega leibkond,2009
"Leibkonnaliikmete arv, tuhat",Laps 0-24,,Muu lastega leibkond,2009
"Leibkonnaliikmete arv, tuhat",Laps 0-17,115.2,Muu lastega leibkond,2010
"Leibkonnaliikmete arv, tuhat",Laps 0-24,,Muu lastega leibkond,2010
"Leibkonnaliikmete arv, tuhat",Laps 0-17,112.8,Muu lastega leibkond,2011
"Leibkonnaliikmete arv, tuhat",Laps 0-24,,Muu lastega leibkond,2011
"Leibkonnaliikmete arv, tuhat",Laps 0-17,109.1,Muu lastega leibkond,2012
"Leibkonnaliikmete arv, tuhat",Laps 0-24,,Muu lastega leibkond,2012
"Leibkonnaliikmete arv, tuhat",Laps 0-17,112.2,Muu lastega leibkond,2013
"Leibkonnaliikmete arv, tuhat",Laps 0-24,,Muu lastega leibkond,2013
"Leibkonnaliikmete arv, tuhat",Laps 0-17,106.1,Muu lastega leibkond,2014
"Leibkonnaliikmete arv, tuhat",Laps 0-24,,Muu lastega leibkond,2014
"Leibkonnaliikmete arv, tuhat",Laps 0-17,110.3,Muu lastega leibkond,2015
"Leibkonnaliikmete arv, tuhat",Laps 0-24,,Muu lastega leibkond,2015
"Leibkonnaliikmete arv, tuhat",Laps 0-17,94.0,Muu lastega leibkond,2016
"Leibkonnaliikmete arv, tuhat",Laps 0-24,,Muu lastega leibkond,2016
"Leibkonnaliikmete arv, tuhat",Laps 0-17,85.0,Muu lastega leibkond,2017
"Leibkonnaliikmete arv, tuhat",Laps 0-24,,Muu lastega leibkond,2017
"Leibkonnaliikmete arv, tuhat",Laps 0-17,85.8,Muu lastega leibkond,2018
"Leibkonnaliikmete arv, tuhat",Laps 0-24,,Muu lastega leibkond,2018
"Leibkonnaliikmete arv, tuhat",Laps 0-17,81.8,Muu lastega leibkond,2019
"Leibkonnaliikmete arv, tuhat",Laps 0-24,,Muu lastega leibkond,2019
"Leibkonnaliikmete arv, tuhat",Laps 0-17,70.3,Muu lastega leibkond,2020
"Leibkonnaliikmete arv, tuhat",Laps 0-24,,Muu lastega leibkond,2020
"Leibkonnaliikmete arv, tuhat",Laps 0-17,63.5,Muu lastega leibkond,2021
"Leibkonnaliikmete arv, tuhat",Laps 0-24,,Muu lastega leibkond,2021
"Leibkonnaliikmete arv, tuhat",Laps 0-17,66.6,Muu lastega leibkond,2022
"Leibkonnaliikmete arv, tuhat",Laps 0-24,,Muu lastega leibkond,2022
"Leibkonnaliikmete arv, tuhat",Laps 0-17,67.8,Muu lastega leibkond,2023
"Leibkonnaliikmete arv, tuhat",Laps 0-24,76.5,Muu lastega leibkond,2023
"Leibkonnaliikmete arv, tuhat",Laps 0-17,68.1,Muu lastega leibkond,2024
"Leibkonnaliikmete arv, tuhat",Laps 0-24,79.1,Muu lastega leibkond,2024
